dilemma_id,temperature,seed,step1_answer,answer,flipped,think_pos,total_generated,total_capture_steps
1,0.5,42,yes,yes,False,712,716,716
2,0.5,42,yes,no,True,536,540,540
5,0.5,42,yes,yes,False,1211,1215,1215
6,0.5,42,yes,yes,False,794,798,798
7,0.5,42,yes,yes,False,1193,1197,1197
9,0.5,42,yes,no,True,899,903,903
10,0.5,42,no,no,False,1407,1411,1411
11,0.5,42,yes,yes,False,641,645,645
12,0.5,42,yes,yes,False,1038,1042,1042
13,0.5,42,yes,yes,False,897,901,901
14,0.5,42,yes,yes,False,1221,1225,1225
16,0.5,42,yes,yes,False,878,882,882
17,0.5,42,yes,no,True,592,596,596
18,0.5,42,yes,yes,False,971,975,975
19,0.5,42,yes,yes,False,438,442,442
20,0.5,42,yes,no,True,693,697,697
21,0.5,42,no,no,False,959,963,963
22,0.5,42,yes,yes,False,664,668,668
23,0.5,42,yes,yes,False,752,756,756
25,0.5,42,no,yes,True,568,572,572
26,0.5,42,yes,yes,False,1175,1179,1179
28,0.5,42,yes,yes,False,626,630,630
29,0.5,42,yes,yes,False,1044,1048,1048
30,0.5,42,yes,yes,False,668,672,672
31,0.5,42,yes,no,True,800,804,804
32,0.5,42,yes,no,True,690,694,694
33,0.5,42,yes,no,True,634,638,638
35,0.5,42,yes,no,True,716,720,720
37,0.5,42,yes,no,True,558,562,562
39,0.5,42,yes,no,True,959,963,963
40,0.5,42,yes,yes,False,909,913,913
41,0.5,42,yes,yes,False,678,682,682
42,0.5,42,yes,yes,False,836,840,840
43,0.5,42,yes,yes,False,828,832,832
44,0.5,42,yes,yes,False,721,725,725
46,0.5,42,no,yes,True,747,751,751
47,0.5,42,no,yes,True,1023,1027,1027
48,0.5,42,no,yes,True,1053,1057,1057
49,0.5,42,yes,yes,False,1081,1085,1085
50,0.5,42,yes,yes,False,607,611,611
51,0.5,42,yes,yes,False,624,628,628
52,0.5,42,yes,yes,False,488,492,492
1,0.5,123,yes,no,True,604,608,608
2,0.5,123,yes,no,True,1001,1005,1005
3,0.5,123,no,yes,True,821,825,825
4,0.5,123,yes,yes,False,1099,1103,1103
5,0.5,123,yes,yes,False,630,634,634
6,0.5,123,yes,yes,False,1084,1088,1088
7,0.5,123,yes,no,True,953,957,957
8,0.5,123,yes,yes,False,1207,1211,1211
9,0.5,123,yes,no,True,647,651,651
10,0.5,123,yes,no,True,949,953,953
11,0.5,123,yes,no,True,1244,1248,1248
13,0.5,123,yes,yes,False,613,617,617
14,0.5,123,yes,yes,False,594,598,598
15,0.5,123,yes,yes,False,1088,1092,1092
16,0.5,123,yes,no,True,875,879,879
17,0.5,123,yes,no,True,888,892,892
18,0.5,123,yes,no,True,541,545,545
19,0.5,123,yes,yes,False,806,810,810
20,0.5,123,yes,yes,False,735,739,739
21,0.5,123,no,no,False,578,582,582
24,0.5,123,yes,yes,False,810,814,814
25,0.5,123,no,yes,True,815,819,819
27,0.5,123,yes,yes,False,892,896,896
28,0.5,123,yes,yes,False,965,969,969
29,0.5,123,yes,yes,False,522,526,526
30,0.5,123,yes,yes,False,610,614,614
31,0.5,123,yes,yes,False,580,584,584
32,0.5,123,yes,yes,False,915,919,919
33,0.5,123,yes,no,True,707,711,711
34,0.5,123,yes,no,True,1039,1043,1043
35,0.5,123,yes,yes,False,395,399,399
36,0.5,123,yes,yes,False,687,691,691
37,0.5,123,yes,yes,False,1063,1067,1067
38,0.5,123,yes,yes,False,796,800,800
39,0.5,123,yes,yes,False,800,804,804
40,0.5,123,yes,yes,False,720,724,724
41,0.5,123,yes,yes,False,782,786,786
42,0.5,123,yes,no,True,1143,1147,1147
43,0.5,123,yes,yes,False,614,618,618
44,0.5,123,yes,yes,False,1020,1024,1024
45,0.5,123,yes,yes,False,1421,1425,1425
46,0.5,123,yes,yes,False,1410,1414,1414
47,0.5,123,no,yes,True,913,917,917
48,0.5,123,yes,no,True,1056,1060,1060
49,0.5,123,yes,no,True,889,893,893
50,0.5,123,yes,no,True,622,626,626
51,0.5,123,yes,yes,False,781,785,785
52,0.5,123,yes,yes,False,639,643,643
1,0.5,456,yes,no,True,1089,1093,1093
2,0.5,456,yes,yes,False,636,640,640
5,0.5,456,yes,yes,False,564,568,568
6,0.5,456,yes,yes,False,777,781,781
7,0.5,456,yes,yes,False,751,755,755
8,0.5,456,yes,yes,False,1231,1235,1235
10,0.5,456,yes,no,True,901,905,905
11,0.5,456,yes,yes,False,1452,1456,1456
13,0.5,456,yes,yes,False,566,570,570
14,0.5,456,yes,yes,False,1030,1034,1034
16,0.5,456,yes,yes,False,789,793,793
17,0.5,456,yes,yes,False,917,921,921
18,0.5,456,yes,yes,False,668,672,672
20,0.5,456,yes,yes,False,902,906,906
21,0.5,456,no,yes,True,847,851,851
22,0.5,456,yes,yes,False,893,897,897
23,0.5,456,yes,yes,False,609,613,613
24,0.5,456,yes,yes,False,958,962,962
25,0.5,456,no,yes,True,1007,1011,1011
26,0.5,456,yes,yes,False,979,983,983
27,0.5,456,yes,yes,False,645,649,649
28,0.5,456,yes,yes,False,662,666,666
29,0.5,456,yes,yes,False,433,437,437
30,0.5,456,yes,no,True,602,606,606
31,0.5,456,yes,yes,False,510,514,514
32,0.5,456,yes,yes,False,856,860,860
33,0.5,456,yes,no,True,1128,1132,1132
34,0.5,456,yes,yes,False,754,758,758
35,0.5,456,yes,yes,False,687,691,691
36,0.5,456,yes,yes,False,842,846,846
37,0.5,456,yes,yes,False,1291,1295,1295
38,0.5,456,yes,yes,False,1001,1005,1005
39,0.5,456,yes,no,True,737,741,741
40,0.5,456,yes,yes,False,444,448,448
41,0.5,456,yes,yes,False,934,938,938
42,0.5,456,yes,yes,False,625,629,629
43,0.5,456,yes,yes,False,446,450,450
44,0.5,456,yes,yes,False,685,689,689
45,0.5,456,yes,yes,False,637,641,641
46,0.5,456,yes,no,True,915,919,919
47,0.5,456,no,no,False,625,629,629
48,0.5,456,yes,no,True,1232,1236,1236
49,0.5,456,yes,yes,False,1044,1048,1048
50,0.5,456,yes,yes,False,752,756,756
51,0.5,456,yes,yes,False,679,683,683
52,0.5,456,yes,yes,False,935,939,939
1,0.6,42,yes,yes,False,647,651,651
2,0.6,42,yes,yes,False,631,635,635
3,0.6,42,yes,no,True,1036,1040,1040
4,0.6,42,no,yes,True,1117,1121,1121
5,0.6,42,yes,no,True,1229,1233,1233
6,0.6,42,yes,yes,False,1124,1128,1128
7,0.6,42,yes,no,True,775,779,779
9,0.6,42,yes,yes,False,1322,1326,1326
11,0.6,42,yes,no,True,1094,1098,1098
12,0.6,42,yes,yes,False,999,1003,1003
13,0.6,42,yes,yes,False,638,642,642
14,0.6,42,yes,yes,False,1527,1531,1531
15,0.6,42,yes,yes,False,1405,1409,1409
16,0.6,42,yes,yes,False,992,996,996
17,0.6,42,yes,yes,False,612,616,616
18,0.6,42,yes,no,True,1404,1408,1408
19,0.6,42,yes,no,True,814,818,818
20,0.6,42,yes,yes,False,547,551,551
21,0.6,42,no,no,False,695,699,699
22,0.6,42,yes,yes,False,838,842,842
23,0.6,42,yes,yes,False,697,701,701
25,0.6,42,yes,no,True,1097,1101,1101
26,0.6,42,yes,yes,False,637,641,641
27,0.6,42,yes,yes,False,787,791,791
28,0.6,42,yes,yes,False,640,644,644
30,0.6,42,yes,yes,False,702,706,706
31,0.6,42,yes,yes,False,665,669,669
32,0.6,42,yes,yes,False,544,548,548
33,0.6,42,no,yes,True,725,729,729
34,0.6,42,yes,yes,False,717,721,721
35,0.6,42,yes,yes,False,1022,1026,1026
36,0.6,42,yes,yes,False,404,408,408
37,0.6,42,yes,yes,False,737,741,741
38,0.6,42,yes,yes,False,931,935,935
39,0.6,42,yes,yes,False,968,972,972
40,0.6,42,yes,yes,False,975,979,979
41,0.6,42,yes,yes,False,1116,1120,1120
42,0.6,42,yes,yes,False,1515,1519,1519
43,0.6,42,yes,yes,False,554,558,558
44,0.6,42,yes,yes,False,469,473,473
45,0.6,42,yes,no,True,1383,1387,1387
46,0.6,42,yes,no,True,994,998,998
47,0.6,42,no,no,False,680,684,684
48,0.6,42,yes,yes,False,848,852,852
49,0.6,42,yes,no,True,1089,1093,1093
50,0.6,42,yes,yes,False,1147,1151,1151
51,0.6,42,yes,yes,False,726,730,730
52,0.6,42,yes,yes,False,594,598,598
1,0.6,123,yes,yes,False,803,807,807
2,0.6,123,yes,yes,False,1187,1191,1191
4,0.6,123,no,yes,True,832,836,836
5,0.6,123,yes,no,True,936,940,940
6,0.6,123,yes,no,True,1060,1064,1064
7,0.6,123,yes,yes,False,515,519,519
8,0.6,123,yes,yes,False,1015,1019,1019
9,0.6,123,yes,no,True,686,690,690
11,0.6,123,yes,yes,False,1153,1157,1157
12,0.6,123,yes,yes,False,673,677,677
13,0.6,123,yes,yes,False,1263,1267,1267
14,0.6,123,yes,no,True,912,916,916
15,0.6,123,yes,yes,False,1189,1193,1193
16,0.6,123,yes,yes,False,1052,1056,1056
17,0.6,123,yes,yes,False,716,720,720
18,0.6,123,yes,yes,False,1047,1051,1051
19,0.6,123,yes,no,True,851,855,855
20,0.6,123,yes,yes,False,750,754,754
21,0.6,123,no,yes,True,516,520,520
22,0.6,123,yes,no,True,982,986,986
23,0.6,123,yes,yes,False,629,633,633
25,0.6,123,yes,no,True,1127,1131,1131
26,0.6,123,yes,yes,False,701,705,705
27,0.6,123,yes,yes,False,627,631,631
28,0.6,123,yes,yes,False,954,958,958
29,0.6,123,yes,no,True,719,723,723
30,0.6,123,yes,no,True,1157,1161,1161
31,0.6,123,yes,yes,False,710,714,714
32,0.6,123,yes,yes,False,847,851,851
33,0.6,123,no,yes,True,777,781,781
34,0.6,123,yes,no,True,888,892,892
35,0.6,123,yes,yes,False,715,719,719
36,0.6,123,yes,yes,False,646,650,650
37,0.6,123,yes,yes,False,667,671,671
38,0.6,123,yes,yes,False,490,494,494
39,0.6,123,yes,yes,False,701,705,705
40,0.6,123,yes,yes,False,770,774,774
41,0.6,123,yes,yes,False,1051,1055,1055
42,0.6,123,yes,no,True,968,972,972
43,0.6,123,yes,yes,False,588,592,592
44,0.6,123,yes,yes,False,860,864,864
45,0.6,123,yes,no,True,892,896,896
46,0.6,123,yes,no,True,1177,1181,1181
47,0.6,123,no,no,False,905,909,909
48,0.6,123,yes,yes,False,799,803,803
49,0.6,123,yes,no,True,801,805,805
50,0.6,123,yes,yes,False,799,803,803
51,0.6,123,yes,yes,False,518,522,522
52,0.6,123,yes,yes,False,843,847,847
1,0.6,456,yes,yes,False,564,568,568
2,0.6,456,yes,yes,False,656,660,660
3,0.6,456,yes,yes,False,1242,1246,1246
4,0.6,456,yes,yes,False,1461,1465,1465
5,0.6,456,yes,yes,False,1312,1316,1316
7,0.6,456,yes,yes,False,847,851,851
8,0.6,456,yes,yes,False,1316,1320,1320
9,0.6,456,yes,no,True,857,861,861
11,0.6,456,yes,yes,False,938,942,942
13,0.6,456,yes,yes,False,798,802,802
14,0.6,456,yes,no,True,1094,1098,1098
15,0.6,456,yes,yes,False,938,942,942
16,0.6,456,yes,no,True,1154,1158,1158
17,0.6,456,yes,yes,False,811,815,815
18,0.6,456,yes,yes,False,744,748,748
19,0.6,456,yes,yes,False,706,710,710
20,0.6,456,yes,yes,False,762,766,766
21,0.6,456,no,yes,True,217,221,221
22,0.6,456,yes,yes,False,857,861,861
23,0.6,456,yes,yes,False,966,970,970
25,0.6,456,yes,no,True,1032,1036,1036
26,0.6,456,yes,yes,False,902,906,906
28,0.6,456,yes,yes,False,844,848,848
29,0.6,456,yes,yes,False,553,557,557
30,0.6,456,yes,no,True,932,936,936
31,0.6,456,yes,yes,False,861,865,865
32,0.6,456,yes,yes,False,736,740,740
33,0.6,456,yes,no,True,886,890,890
34,0.6,456,yes,no,True,914,918,918
35,0.6,456,yes,yes,False,585,589,589
36,0.6,456,yes,yes,False,553,557,557
37,0.6,456,yes,yes,False,1110,1114,1114
38,0.6,456,yes,yes,False,458,462,462
39,0.6,456,yes,yes,False,895,899,899
40,0.6,456,yes,yes,False,630,634,634
41,0.6,456,yes,yes,False,1246,1250,1250
42,0.6,456,no,yes,True,649,653,653
43,0.6,456,yes,yes,False,543,547,547
44,0.6,456,yes,yes,False,1118,1122,1122
45,0.6,456,yes,no,True,456,460,460
46,0.6,456,yes,no,True,1339,1343,1343
47,0.6,456,no,no,False,482,486,486
48,0.6,456,no,yes,True,862,866,866
49,0.6,456,yes,yes,False,767,771,771
50,0.6,456,yes,no,True,625,629,629
51,0.6,456,yes,yes,False,612,616,616
52,0.6,456,yes,yes,False,1311,1315,1315
1,0.7,42,yes,yes,False,370,374,374
2,0.7,42,no,yes,True,518,522,522
3,0.7,42,no,yes,True,725,729,729
4,0.7,42,no,yes,True,985,989,989
5,0.7,42,yes,yes,False,735,739,739
7,0.7,42,yes,yes,False,1076,1080,1080
8,0.7,42,yes,yes,False,921,925,925
9,0.7,42,yes,no,True,1023,1027,1027
10,0.7,42,yes,no,True,1214,1218,1218
11,0.7,42,yes,yes,False,843,847,847
12,0.7,42,yes,no,True,777,781,781
13,0.7,42,no,yes,True,477,481,481
14,0.7,42,yes,yes,False,803,807,807
15,0.7,42,yes,yes,False,1142,1146,1146
16,0.7,42,yes,yes,False,758,762,762
17,0.7,42,yes,yes,False,984,988,988
18,0.7,42,yes,yes,False,634,638,638
19,0.7,42,yes,yes,False,532,536,536
20,0.7,42,yes,yes,False,566,570,570
21,0.7,42,no,no,False,558,562,562
22,0.7,42,yes,yes,False,845,849,849
24,0.7,42,yes,yes,False,1418,1422,1422
25,0.7,42,no,yes,True,711,715,715
28,0.7,42,yes,yes,False,587,591,591
29,0.7,42,yes,yes,False,724,728,728
30,0.7,42,yes,no,True,807,811,811
31,0.7,42,yes,yes,False,581,585,585
32,0.7,42,yes,yes,False,1042,1046,1046
33,0.7,42,yes,yes,False,719,723,723
35,0.7,42,yes,yes,False,1521,1525,1525
36,0.7,42,yes,yes,False,823,827,827
37,0.7,42,yes,yes,False,664,668,668
38,0.7,42,yes,yes,False,1216,1220,1220
40,0.7,42,yes,yes,False,1209,1213,1213
41,0.7,42,yes,yes,False,540,544,544
43,0.7,42,no,yes,True,827,831,831
44,0.7,42,yes,yes,False,884,888,888
45,0.7,42,yes,yes,False,1066,1070,1070
46,0.7,42,yes,yes,False,810,814,814
47,0.7,42,no,no,False,1038,1042,1042
49,0.7,42,yes,no,True,1398,1402,1402
50,0.7,42,yes,yes,False,1354,1358,1358
51,0.7,42,yes,yes,False,1064,1068,1068
52,0.7,42,yes,yes,False,589,593,593
1,0.7,123,no,yes,True,835,839,839
2,0.7,123,yes,yes,False,1210,1214,1214
3,0.7,123,no,yes,True,619,623,623
5,0.7,123,yes,yes,False,673,677,677
7,0.7,123,yes,yes,False,1042,1046,1046
9,0.7,123,yes,no,True,917,921,921
10,0.7,123,yes,no,True,922,926,926
11,0.7,123,yes,yes,False,916,920,920
12,0.7,123,yes,no,True,677,681,681
13,0.7,123,yes,yes,False,665,669,669
14,0.7,123,yes,yes,False,675,679,679
15,0.7,123,yes,no,True,1052,1056,1056
16,0.7,123,yes,yes,False,816,820,820
17,0.7,123,yes,yes,False,1175,1179,1179
18,0.7,123,yes,yes,False,683,687,687
19,0.7,123,yes,yes,False,536,540,540
20,0.7,123,yes,yes,False,620,624,624
21,0.7,123,no,yes,True,598,602,602
22,0.7,123,yes,yes,False,923,927,927
23,0.7,123,yes,yes,False,476,480,480
24,0.7,123,yes,no,True,658,662,662
25,0.7,123,no,yes,True,927,931,931
26,0.7,123,yes,yes,False,789,793,793
27,0.7,123,yes,yes,False,750,754,754
28,0.7,123,yes,yes,False,1298,1302,1302
29,0.7,123,yes,no,True,1012,1016,1016
30,0.7,123,yes,no,True,1036,1040,1040
31,0.7,123,yes,yes,False,1222,1226,1226
33,0.7,123,yes,yes,False,728,732,732
34,0.7,123,yes,no,True,1155,1159,1159
35,0.7,123,yes,yes,False,847,851,851
36,0.7,123,yes,yes,False,556,560,560
37,0.7,123,yes,yes,False,730,734,734
39,0.7,123,yes,yes,False,911,915,915
40,0.7,123,yes,yes,False,1187,1191,1191
41,0.7,123,yes,yes,False,931,935,935
43,0.7,123,yes,yes,False,550,554,554
44,0.7,123,yes,yes,False,678,682,682
45,0.7,123,yes,yes,False,910,914,914
47,0.7,123,yes,no,True,947,951,951
49,0.7,123,yes,yes,False,800,804,804
50,0.7,123,yes,no,True,794,798,798
51,0.7,123,yes,yes,False,752,756,756
52,0.7,123,yes,yes,False,572,576,576
1,0.7,456,yes,yes,False,778,782,782
2,0.7,456,yes,yes,False,683,687,687
3,0.7,456,yes,no,True,794,798,798
5,0.7,456,yes,no,True,880,884,884
6,0.7,456,yes,yes,False,1011,1015,1015
7,0.7,456,yes,yes,False,616,620,620
8,0.7,456,yes,yes,False,806,810,810
9,0.7,456,yes,no,True,757,761,761
10,0.7,456,no,yes,True,1148,1152,1152
12,0.7,456,yes,no,True,856,860,860
13,0.7,456,yes,yes,False,815,819,819
14,0.7,456,yes,yes,False,941,945,945
15,0.7,456,yes,no,True,709,713,713
16,0.7,456,yes,no,True,642,646,646
17,0.7,456,yes,yes,False,1048,1052,1052
18,0.7,456,yes,yes,False,636,640,640
20,0.7,456,yes,yes,False,847,851,851
21,0.7,456,no,no,False,409,413,413
22,0.7,456,yes,yes,False,1029,1033,1033
23,0.7,456,yes,yes,False,838,842,842
25,0.7,456,yes,no,True,1165,1169,1169
26,0.7,456,yes,yes,False,818,822,822
27,0.7,456,yes,no,True,788,792,792
28,0.7,456,yes,yes,False,757,761,761
29,0.7,456,yes,yes,False,568,572,572
30,0.7,456,yes,yes,False,631,635,635
31,0.7,456,yes,yes,False,483,487,487
32,0.7,456,yes,yes,False,702,706,706
33,0.7,456,no,yes,True,1125,1129,1129
34,0.7,456,no,yes,True,843,847,847
36,0.7,456,yes,yes,False,736,740,740
37,0.7,456,yes,yes,False,1161,1165,1165
38,0.7,456,yes,yes,False,922,942,942
39,0.7,456,yes,yes,False,718,722,722
40,0.7,456,yes,yes,False,612,616,616
41,0.7,456,yes,yes,False,928,932,932
42,0.7,456,yes,yes,False,677,681,681
44,0.7,456,yes,yes,False,512,517,517
45,0.7,456,yes,yes,False,921,925,925
46,0.7,456,yes,no,True,931,935,935
47,0.7,456,no,no,False,617,621,621
49,0.7,456,yes,yes,False,746,751,751
50,0.7,456,yes,yes,False,494,498,498
51,0.7,456,yes,yes,False,609,613,613
52,0.7,456,yes,yes,False,1023,1027,1027
